[
  {
    "id": 34,
    "categoryId": 6,
    "subCategoryId": 3,
    "childCategoryId": 0,
    "name": "Quần Jean Bầu Siêu Co Giãn",
    "slug": "quần-jean-bầu-siêu-co-giãn",
    "brand": "UNIQLO",
    "unitSize": "L",
    "status": "active",
    "buyerPrice": 460000,
    "price": 950000,
    "qty": 1,
    "discountPer": 30,
    "discount": 0,
    "total": 0,
    "netPrice": 0,
    "photo": "https://res.cloudinary.com/cockbook/image/upload/v1716097200/qaiocwdvqkosksvbxtqx.avif",
    "sortDesc": "null",
    "desc": "<p><span style=\"color: rgb(27, 27, 27);\">- Miếng đệm chống trượt giúp cố định những chiếc tất này.</span></p><p><span style=\"color: rgb(27, 27, 27);\">- Công nghệ BLUE CYCLE JEANS giúp giảm lượng nước* sử dụng trong quá trình sản xuất. Mức độ tiết kiệm nước sẽ có sự chênh lệch giữa các sản phẩm.</span></p><p><br></p><p><span style=\"color: rgb(27, 27, 27);\">*Lên đến 99%. Dữ liệu dựa trên sự so sánh giữa Quần Jeans Nam Regular Fit năm 2017 và năm 2018 với công nghệ do Trung Tâm Cải Tiến Quần Jeans của UNIQLO phát triển vào năm 2018.</span></p>",
    "createdAt": "2024-05-19T05:40:00.000Z",
    "updatedAt": "2024-05-19T05:40:00.000Z",
    "productphotos": [
      {
        "id": 145,
        "imgUrl": "https://res.cloudinary.com/cockbook/image/upload/v1716097170/empi7qjwzavi0p9gvasw.avif"
      }
    ]
  }
]
